,nombre,fecha_de_creacion,tipo
0,61825211_2349177771964815_8822384874963861504_n.jpg,2019-09-05 11:54:32,.jpg
1,61865769_334129233886903_4342476733874700288_n.jpg,2019-09-05 11:54:32,.jpg
2,62253511_2547089388644727_7556608272816406528_n.jpg,2019-09-05 11:54:32,.jpg
3,anolegustastantomiercoles10-marthadebayle-ivoox34333705.mp4,2019-09-05 11:53:59,.mp4
4,DIFA TV 3.png,2019-09-05 11:54:48,.png
5,DynamicPDF.pdf,2019-09-05 11:54:18,.pdf
6,Ejemplo.gif,2019-09-05 11:54:22,.gif
7,imac.png,2019-09-05 11:54:52,.png
8,MIRIAN2019CV.pdf,2019-09-05 11:54:05,.pdf
9,Prueba1.gif,2019-09-05 11:54:22,.gif
10,"Python 3 al Descubierto, 2da Edición - Arturo Fernández.pdf",2019-09-05 11:54:18,.pdf
